storename,Avg_list_price,Avg_sale_price
"SCHANEWOLF'S CYCLE SPORT",6346.00000000,6340.00000000
"MISSION CYCLERY",6315.90000000,6310.00000000
"F & M CYCLERY",5717.93000000,5710.00000000
"MACK CYCLE & FITNESS",5380.19000000,5380.00000000
"BIKE TREK",5329.28000000,5320.00000000
"MYSTIC CYCLE CENTRE",5286.10000000,5280.00000000
"BIGHORN WILDERNESS EQUIPMENT",5218.27000000,5210.00000000
"LA CANADA BICYCLES",5117.65000000,5110.00000000
"J & W BICYCLES",5094.80000000,5090.00000000
"WAVE RAVE SNOWBOARD SHOP",4920.75000000,4920.00000000
"MARTIN'S BICYCLE SHOP",4891.86000000,4890.00000000
"KING'S BIKES & THINGS",4867.70000000,4865.00000000
"BIKE N' HIKE SHOP",4856.93000000,4850.00000000
"DAVID'S WRENCH",4856.93000000,4850.00000000
"BICISPORT BICYCLES",4853.16000000,4850.00000000
"KENT WHEEL & WRENCH BIKE SHOP",4832.64000000,4830.00000000
"CANYON SPORTS OUTLET",4813.46000000,4810.00000000
"BRAD'S BIKE REPAIR",4728.65000000,4720.00000000
"BIKE LINE INC",4657.05000000,4650.00000000
"HOUSTON BIKE SHOP",4625.42000000,4620.00000000
"RECYCLE BIKE SHOP",4614.73000000,4610.00000000
"TOM LANTZ BICYCLE CENTER",4573.18000000,4570.00000000
"RALEIGH BIKESOURCE",4556.39000000,4550.00000000
"WEST U SCHWINN",4520.05333333,4513.33333333
"SHIRAR'S BICYCLE STORE-SOUTH",4515.50333333,4510.00000000
"B & S ENTERPRISES",4497.48000000,4490.00000000
"CONCHO BIKE SHOP",4492.00000000,4490.00000000
"HURRICANE CYCLERY OF TEXAS",4487.77000000,4480.00000000
"WILD WILD WHEELS",4448.25000000,4440.00000000
"PIG IRON BICYCLE-WORKS",4412.19000000,4410.00000000
"CHECK POINT BICYCLE STORE",4393.50000000,4390.00000000
"FREEHOLD BICYCLES",4390.57000000,4390.00000000
RIDE-ON-NEON,4382.10000000,4380.00000000
"WAITS BICYCLE AND FITNESS CTR",4372.66000000,4370.00000000
"BICYCLE PARADISE INC",4362.10500000,4360.00000000
"THE BICYCLE PLACE INC",4348.78000000,4340.00000000
"MORGAN'S CYCLE & FITNESS",4346.60000000,4340.00000000
"ADVENTURE CYCLE & FITNESS INC",4346.60000000,4340.00000000
"CENTRAL SPORTS INC",4339.14000000,4330.00000000
"KEN ARMSTRONG CERT BIKE",4332.70000000,4330.00000000
"T S R MOUNTAIN BIKE RENTAL",4331.87000000,4330.00000000
"THE DUTCHMAN BICYCLES",4308.20000000,4300.00000000
"OAKE'S CYCLE SHOP",4305.28000000,4300.00000000
"BIG WHEEL LTD",4300.42000000,4300.00000000
"DELTA CYCLERY",4293.35000000,4293.35000000
"JOE'S CYCLE CENTER",4270.05000000,4270.00000000
"R T R BICYCLES",4259.84000000,4250.00000000
"TOWN CYCLE",4248.50000000,4240.00000000
"LEBO'S PEDAL PARLOR",4243.43500000,4240.00000000
"ERNIE'S BICYCLE SHOP",4231.64000000,4230.00000000
"BAY VIEW FITNESS & CYCLE",4220.20000000,4220.00000000
"OUTPOST WINDSPORTS",4219.46000000,4210.00000000
"MILLER'S SKI & CYCLE HAUS",4218.69000000,4210.00000000
BIKE-O-RAMA,4207.54000000,4200.00000000
"ROBBY'S BICYCLE SHOP",4204.19000000,4200.00000000
"HOBBIES UNLIMITED",4199.58000000,4190.00000000
"DRUID HILLS BICYCLE SHOP",4197.12000000,4190.00000000
"NORTHWEST CYCLERY",4196.39000000,4190.00000000
"TWO WHEELER DLR CYCL & FITNS",4189.52000000,4180.00000000
"BRANCH BROOK CO",4188.24000000,4180.00000000
"ALAMO CITY BICYCLE SHOP",4162.41000000,4160.00000000
"GRANITE CITY SCHWINN",4146.63000000,4140.00000000
"CAPITOL BICYCLE CENTER INC",4144.30000000,4140.00000000
"MR BIKE SKI AND FITNESS II",4133.63000000,4130.00000000
"MEGA CYCLESPORT",4130.86000000,4130.00000000
"C & S SCHWINN",4126.79000000,4120.00000000
"OZ'S ",4119.78000000,4110.00000000
"ROYAL CYCLERY",4119.65500000,4115.00000000
"CENTER CYCLE",4113.40000000,4110.00000000
"CYCLE-LOGIC SPORTS SHOP",4113.24000000,4110.00000000
"DELAND CYCLERY",4107.84000000,4100.00000000
GRONSKI'S,4102.49000000,4100.00000000
"LAMBERT CYCLE SHOP",4102.49000000,4100.00000000
"BREAKAWAY CYCLES",4095.60000000,4090.00000000
"BEAVER SPORTS",4095.60000000,4090.00000000
"ON TWO WHEELS",4068.79000000,4065.00000000
"BILOXI BICYCLE CENTER",4062.63000000,4060.00000000
"MIKE'S BICYCLE CENTER",4061.03000000,4060.00000000
"VINTAGE BICYCLES",4052.17000000,4050.00000000
"COWART EQUIPMENT CO",4035.15000000,4030.00000000
"RICE STREET BICYCLE",4025.07000000,4020.00000000
"BERNIE'S BICYCLE SHOP",4022.96000000,4020.00000000
"WELLER'S BICYCLES",4015.38000000,4010.00000000
"HALTER'S CYCLE & FITNESS",4007.41000000,4000.00000000
"KATS BICYCLES",3994.49000000,3990.00000000
"GARDEN VALLEY SCHWINN CYCLERY",3993.20000000,3990.00000000
"CHARLOTTE BMX INC",3992.29000000,3990.00000000
"MOUNTAIN RIVER ADVENTURES",3991.86000000,3990.00000000
"GRESHAM BICYCLE CENTER",3991.58000000,3990.00000000
"PROTEUS BIKE & FITNESS",3988.47000000,3980.00000000
"PEDAL PUSHER SKI AND SPORT",3976.95000000,3970.00000000
"SPORT CYCLE",3971.81000000,3970.00000000
"PONY SHOP",3968.47000000,3960.00000000
"H & R BICYCLE HAVEN",3956.16000000,3950.00000000
"PARMA CYCL & SCHWINN FITNS CTR",3955.51000000,3950.00000000
"R C BICYCLE SHOP",3954.72000000,3950.00000000
"BIKE SHOP THE",3953.20000000,3950.00000000
"CHRIS CYCLE CENTER INC",3952.93000000,3950.00000000
"ROD'S BIKE SHOP",3951.94500000,3945.00000000
"ONCE RIDDEN BIKES",3949.20000000,3940.00000000
"BICYCLE BARN/LIFE CYCLE",3949.20000000,3940.00000000
"EULERS CYCLING & FITNESS CTR",3947.25000000,3940.00000000
"FREEWHEELS BICYCLE SHOP",3945.03000000,3940.00000000
"ANSLEY SCHWINN ATLANTA CYCL",3944.89000000,3940.00000000
"BICYCLE-X-CHANGE EAST",3944.22000000,3940.00000000
"CROSSTOWN REPAIR SHOP",3943.19000000,3940.00000000
VELOMEISTER,3941.85000000,3940.00000000
"TOURING CYCLIST",3939.66000000,3930.00000000
"BOUNTIFUL BICYCLE CENTER",3939.66000000,3930.00000000
"HASTINGS SCHWINN CYCLING",3935.84000000,3930.00000000
"PRIMO BICYCLE WORKS INC",3923.72000000,3920.00000000
"C A MUELLER",3921.64000000,3915.00000000
"HAMEL'S ACTION SPORTS CENTER",3916.68000000,3910.00000000
"SOFT SPOKIN'",3915.78000000,3910.00000000
"FRENCHIE'S BICYCLE",3915.78000000,3910.00000000
"ROBINSON'S BICYCLE SHOP",3907.10000000,3900.00000000
"LA HABRA CYCLERY",3906.48000000,3900.00000000
"ALL STAR BIKE SHOPS INC",3904.31000000,3900.00000000
"SIERRA CYCLESMITH",3903.62000000,3900.00000000
"ON YOUR LEFT CYCLES",3902.64000000,3900.00000000
"CATALINA BICYCLE SHOP",3899.66000000,3890.00000000
"EUROPEAN CYCLES",3888.64500000,3885.00000000
"PAIA BIKE SHOP",3887.09000000,3880.00000000
"GUTHRIE BICYCLE",3886.58000000,3880.00000000
"LIGHT STREET CYCLES",3885.40000000,3880.00000000
"SAINT HELENA CYCLERY",3875.37000000,3870.00000000
"FAIRWOOD CYCLE CENTER",3870.40000000,3870.00000000
"CUSTOM BICYCLE SALES INC",3862.55000000,3860.00000000
"D F C CYCLES & FITNESS",3860.11000000,3860.00000000
"CENTENNIAL CYCLE INC",3853.72500000,3850.00000000
"ALOHA BICYCLE CENTER",3853.64000000,3850.00000000
"NORTH SHORE CYCLERY",3850.70000000,3850.00000000
"BIKE BUSINESS",3850.46000000,3845.00000000
"PRO CYCLE REPAIR",3843.51000000,3840.00000000
WHEELWORKS,3842.81000000,3840.00000000
"EAST COAST SKI-N-ADVENTURE",3835.14000000,3830.00000000
"OUT SPOKEN",3834.50000000,3830.00000000
"GRAND CYCLE",3831.06000000,3830.00000000
"CLARKE CYCLES",3825.09000000,3820.00000000
"PAGE BICYCLES",3823.20000000,3820.00000000
"DAVE'S BICYCLE CENTER",3819.06000000,3810.00000000
"N-B-M DISCOUNT SALES",3810.98000000,3810.00000000
"HIGH WHEELER",3808.19000000,3800.00000000
"ELEPHANT'S PERCH",3806.65000000,3800.00000000
"DAVIDS BICYCLE REPAIR & ASMBLY",3790.81000000,3790.00000000
"PRINCETON SPORTS",3789.21000000,3780.00000000
"BRITTON'S BICYCLE SHOP",3781.41500000,3775.00000000
"J & R LYONS BICYCLE SHOP",3775.88000000,3770.00000000
"DAYTONA BIKE SHOP",3775.61000000,3770.00000000
"WESTSIDE CYCLERY",3766.37000000,3760.00000000
"SIERRA BICYCLE WORKS",3762.17000000,3760.00000000
"BICYCLE HUT",3757.63000000,3750.00000000
"JOE HASKINS BICYCLE SHOP",3757.58000000,3750.00000000
"GLACIER CYCLERY",3756.42500000,3750.00000000
"TOWN & COUNTRY CYCLE SALES",3748.33500000,3740.00000000
"CLIFTON CYCLE INFIRMARY",3747.30000000,3740.00000000
"XXX SPORTS",3729.07000000,3720.00000000
"SPOKEN WHEEL CYCLERY",3726.16000000,3720.00000000
"THE SPORTS AUTHORITY",3726.16000000,3720.00000000
"JAMESTOWN CYCLE SHOP INC",3713.95000000,3710.00000000
"OZARK BICYCLE SALES & SERV",3709.56000000,3700.00000000
"WILLIAMSON BICYCLE WORKS",3698.41000000,3690.00000000
"DON'S BIKE SHOP",3695.11500000,3690.00000000
"FREDERICK SCHWINN CYCLING",3694.16000000,3690.00000000
"VALLEY SKI & BIKE",3691.55000000,3690.00000000
"BIKERS & HIKERS",3688.67000000,3680.00000000
"PAUL'S BICYCLE SHOP",3688.14000000,3680.00000000
"LABAUVE BICYCLE STORE",3681.88000000,3675.00000000
"THE BIKE CENTER",3680.46500000,3675.00000000
"WHEEL WORLD CYCLES",3674.86583333,3670.83333333
"DIABLO BIKE OF WALNUT CREEK",3671.79000000,3670.00000000
SPORTSTOWN,3671.73500000,3665.00000000
"MACALESTER BIKE & SKATE EXCH",3671.70000000,3670.00000000
"PIRAGIS NORTHWOODS CO",3670.28000000,3670.00000000
"TIPP CYCLERY",3653.91000000,3650.00000000
"LIVINGSTON CYCLE",3648.78000000,3640.00000000
"CRESCENT CITY BICYCLES",3642.00000000,3640.00000000
"DAVE'S BIKEFIX",3640.42000000,3640.00000000
"BOB'S CYCLE CENTER",3640.25000000,3635.00000000
"NEWPORT CYCLERY",3634.68000000,3630.00000000
"THE BICYCLE BUSINESS",3634.38500000,3630.00000000
"BIKESMITHS BICYCLE SHOP",3628.89000000,3620.00000000
"NEWINGTON BICYCLE & REPAIR SHOP",3626.02500000,3620.00000000
"ROCKY MOUNTAIN SPORTS",3622.56000000,3620.00000000
"DOWN TOWN DISCOUNTS",3611.52500000,3605.00000000
"GRANDVIEW CYCLE SHOP",3605.02500000,3600.00000000
"HIGHLANDER & CYCLING",3604.37000000,3600.00000000
"THE BIKE SHOP INC",3604.02500000,3600.00000000
"PROGRESSIVE BICYCLES",3603.18000000,3600.00000000
"PENN CYCLE",3600.38500000,3595.00000000
"BOHEMIAN BICYCLES",3597.80000000,3590.00000000
"PALMS CYCLE",3596.70593750,3591.25000000
"RICHARDS CYCLE COMPANY",3595.82250000,3592.50000000
"B C S BICYCLES",3587.00000000,3580.00000000
"BRUCE BURR SOLO CSTM BICYCLES",3586.55000000,3580.00000000
"A J BARNES BICYCLE EMPORIUM",3584.62000000,3580.00000000
"SANDPIPER BIKE REPAIR",3582.18000000,3580.00000000
"LINCOLN CYCLE CENTER",3578.82500000,3570.00000000
"CIRCLE CITY CYCLERY",3578.77000000,3570.00000000
"BIKES AND MORE INC",3575.00000000,3570.00000000
"BLOOMFIELD BICYCLE & REPAIR SHOP",3571.04000000,3570.00000000
"IRV'S BIKE SHOP INC",3553.29500000,3550.00000000
"ACTION BICYCLES",3551.90000000,3550.00000000
"SIGNS & CYCLES",3539.48000000,3530.00000000
"SUN CITY CYCLERY",3537.40000000,3530.00000000
"BATTLEFIELD BIKE SHOP",3533.38000000,3530.00000000
"RG'S BICYCLE SHOP",3531.40000000,3525.00000000
"SPORT & CYCLE",3531.19000000,3530.00000000
"TEMPLE CITY BIKE SHOP",3527.95500000,3525.00000000
"SPEEDY BICYCLES",3526.70000000,3520.00000000
"JITENSHA STUDIO",3524.45000000,3520.00000000
"FOWLER KARL'S BIKE SHOP",3524.38000000,3520.00000000
"PERFORMANCE BICYCLE STORE",3516.72000000,3510.00000000
"BIKES AND BARGAINS",3513.60000000,3510.00000000
"K & A CYCLERY",3506.76000000,3500.00000000
"BIKES FOR THE LIKES OF US",3498.80000000,3490.00000000
"PATTERSON SCHWINN CYCLERY",3497.84000000,3490.00000000
"GLENDOLA BICYCLE",3495.72000000,3490.00000000
"BEST BICYCLE SHOP",3484.80000000,3480.00000000
"CHEVY CHASE BICYCLE SERVICE",3483.96500000,3475.00000000
GIBSON'S,3483.40000000,3480.00000000
"KID COUNTRY",3481.65000000,3475.00000000
"ALPINE CYCLES",3480.50000000,3480.00000000
"CAMELOT BIKE & SKI SHOP",3479.56000000,3470.00000000
"WESTSIDE SCHWINN",3477.91000000,3470.00000000
"BICYCLE HANGAR",3477.47000000,3470.00000000
"RECYCLED SPORTS",3477.20000000,3470.00000000
"RUSSELL'S SPORT 'N BIKE",3476.21000000,3470.00000000
"MADDEN FACTORY STORE",3472.54500000,3447.50000000
"CHAMPAIGN CYCLE CO",3469.18000000,3460.00000000
"LAKEWOOD CYCIERY",3466.56500000,3460.00000000
"BOB'S BIKES INC",3466.19000000,3460.00000000
"KNIGHT'S BICYCLE SHOP",3465.27000000,3460.00000000
"VAIL BICYCLE SERVICES-VBS",3465.27000000,3460.00000000
"SPOKE N WHEEL",3464.85333333,3460.00000000
"NUTLEY BIKE SHOP",3458.10000000,3455.00000000
"CHAMPION MEGACYCLES",3457.27500000,3450.00000000
"INTERNATIONAL BICYCLES",3453.60000000,3450.00000000
"SARASOTA SCHWINN CYCLERY INC",3451.72000000,3450.00000000
"BELLINGHAM BIKE WORKS",3446.93000000,3440.00000000
"HAMILTON BICYCLES",3446.05000000,3440.00000000
"PAULS SCHWINN CYCLING & FITNS",3443.04000000,3440.00000000
"IDAHO FENCE CO",3440.32000000,3440.00000000
"HARBOR BICYCLES",3440.02500000,3435.00000000
"KESSLER'S BICYCLE CENTER",3437.47600000,3432.00000000
"TRI CY WORLDS LARGEST SPORT",3433.60000000,3430.00000000
"OUR BOYS & GIRLS BICYCLE YARD",3433.39333333,3430.00000000
"BIKECOLOGY BIKE SHOPS",3432.99714286,3428.57142857
"MICHAELS CYCLERY SKI & FITNESS",3432.28000000,3430.00000000
"COLLINS BICYCLE SHOP",3424.48454545,3420.00000000
"BICYCLE CENTER USA",3418.94000000,3410.00000000
"GREEN RIVER CYCLERY",3416.70000000,3410.00000000
"RAPID TRANSIT CYCLE SHOP",3409.76000000,3400.00000000
"ERIK'S BIKE",3409.76000000,3400.00000000
"INTERNATIONAL BIKE SHOP",3405.96000000,3400.00000000
"CROSS COUNTRY SPORTS",3405.32500000,3400.00000000
"THE BIKE STATION",3403.10500000,3400.00000000
"CAMARILLO BIKE COMPANY",3402.06333333,3396.66666667
"DEBO'S BIKE SHOPPE",3401.85000000,3400.00000000
"MOE'S BIKE SHOP",3396.90000000,3390.00000000
"EASY RIDER BIKE SHOP",3396.34000000,3390.00000000
"R & R BICYCLE",3390.45666667,3383.33333333
"CAPITOL BICYCLES",3387.80000000,3380.00000000
BIKESPORT,3385.44666667,3376.66666667
"MOUNTAIN MANN BICYCLES",3385.19000000,3380.00000000
"KING OF BIKES",3381.87000000,3380.00000000
"BEVERLY HILLS BIKE SHOP",3380.72193548,3375.48387097
"PHIL'S BICYCLE SHOP",3377.00000000,3370.00000000
"MIAMI FANTASIAS",3374.51000000,3370.00000000
"THORNES BEDFORD BICYCLE CENTER",3370.82000000,3370.00000000
"PARAMOUNT BIKE SHOP",3370.49000000,3370.00000000
"THE FRENCH BICYCLE SHOP",3370.43437500,3365.93750000
"CROSSROADS CYCLING & FITNESS",3365.75000000,3360.00000000
"GREEN FROG BMX RACING",3359.60000000,3350.00000000
"BOBS SCHWINN CYCLING & FITNS",3359.49000000,3350.00000000
"RAMSEY BICYCLE & SKI SHOP",3353.77500000,3350.00000000
"MA & PA'S BICYCLES",3350.77000000,3350.00000000
"CENTRAL BIKE",3346.32000000,3340.00000000
"THE ANNEX",3343.14558824,3337.94117647
"MIDWEST CYCLERY WESTPORT",3340.72000000,3340.00000000
"QUICK RELEASE BIKE SHOP",3339.88000000,3330.00000000
"TULLIO'S BIG DOG CYCLERY",3338.11000000,3330.00000000
CYCLES,3337.43000000,3330.00000000
TRIATHLETE,3329.06666667,3323.66666667
"BIKE LINE OF LAUREL",3326.88000000,3320.00000000
"BAYNESVILLE BICYCLE SERVICE",3326.20333333,3323.33333333
"BIKECOLOGY SANTA MONICA",3324.32354839,3319.67741935
"BOULEVARD SPORTS",3322.01000000,3322.01000000
"BICYCLES ETC INC",3320.65000000,3300.00000000
"BIKE MASTERS",3320.04000000,3320.00000000
"CHELSEA BIKE & SPORTS",3319.91000000,3315.00000000
"BIKE AMERICA AT PALM COAST INC",3314.32000000,3310.00000000
"WORLD CYCLE",3311.46000000,3306.66666667
"DR SPOKE BICYCLE SHOPPE",3310.01000000,3310.00000000
"SAINT MORITZ SKI & SPORT",3308.80000000,3300.00000000
"MIDDLETOWN CYCLE CENTER",3302.39000000,3300.00000000
FUNSPORTS,3301.98500000,3295.00000000
"BICYCLE SPORTS",3300.60000000,3300.00000000
"CYCLING CONCEPTS INC",3297.85000000,3290.00000000
"CRANFORD BIKE SHOP",3297.56000000,3290.00000000
FARR'S,3294.77000000,3290.00000000
"AUSTRIA CYCLES",3294.06000000,3290.00000000
"BROADWAY BICYCLE INC",3293.40500000,3290.00000000
"EVANSTON SCHWINN CYCLERY",3293.24500000,3290.00000000
"BIKE LINE OF SOUTH HILLS",3290.24000000,3260.00000000
"KENT'S SPORTS STORE",3290.24000000,3200.00000000
"HILLSBORO BICYCLE CENTER",3286.28000000,3280.00000000
"HUDSON TRAIL OUTFITTERS LTD",3286.27000000,3280.00000000
"BANGTAIL BIKES",3286.19000000,3285.00000000
"S & S CYCLES",3286.16000000,3280.00000000
"DURST CYCLE COMPANY",3283.87000000,3280.00000000
"BLUE'S BIKE & FITNESS CENTER",3283.34000000,3280.00000000
"THE BICYCLE EXCHANGE",3281.79750000,3277.50000000
"GLENDALE CYCLERY",3279.32333333,3273.33333333
"SOUTHEAST DIVING & SPORTS",3278.43000000,3270.00000000
"BICYCLE BILL'S",3275.53500000,3270.00000000
"WHEELING CYCLE & MARINE",3275.39000000,3270.00000000
"BIGHORN BIKE SHOP",3273.30000000,3270.00000000
"SOCKS PLUS",3273.09478261,3267.82608696
"THE TOURING CYCLIST",3267.58000000,3260.00000000
"HENRY'S BIKE SHOP",3266.10687500,3261.56250000
"PAPILLON CYCLES",3264.32000000,3260.00000000
"BICYCLE DOCTOR",3264.27980769,3259.61538462
"REM CYCLE",3261.72000000,3260.00000000
"TOM'S WHEELWORKS BICYCLE SHOP",3261.35928571,3257.14285714
"SPOKES 'N STUFF",3261.32291667,3255.41666667
"ZEELAND SCHWINN CYCLE & FITNS",3260.96000000,3260.00000000
"EL PEDAL DE ORO",3260.83258065,3254.83870968
"DOWNEY CYCLERY",3260.80000000,3260.00000000
"ALL AMERICAN BIKE & FITNS CTR",3257.16000000,3250.00000000
"THE RACERS EDGE",3254.81000000,3250.00000000
"BUDGET PRO BICYCLES",3248.00826087,3243.18840580
"CROSSTOWN CYCLE & FITNESS",3246.88000000,3240.00000000
"INWOOD CYCLE",3245.91000000,3240.00000000
"UNION CYCLE CENTER",3244.10000000,3225.00000000
"ADDISON CYCLE CNTR LTD",3241.64000000,3240.00000000
"MOUNTAINLAND RV PARTS CTR INC",3240.01000000,3235.00000000
"SANTIAGO CYCLING & FITNESS CTR",3234.56000000,3230.00000000
"EICK'S FAMILY BIKES",3233.07000000,3233.07000000
"BICYCLE DEPOT",3232.86500000,3225.00000000
"HOSTEL SHOPPE",3230.48000000,3200.00000000
"RAINBOW CYCLE SPORT INC",3229.50000000,3220.00000000
"SIX SIGMA WHEELS",3226.11000000,3220.00000000
"SOUTHWEST SCHWINN CYCLERY",3224.58000000,3220.00000000
"SAFETY CYCLE SHOP",3222.37451613,3217.74193548
"BICYCLE THE SHOP",3221.54000000,3200.00000000
"ANDREW BICYCLE & FITNESS",3220.04000000,3220.00000000
"FLEET BIKE SHOP",3219.39000000,3210.00000000
"EDDY'S BIKE SHOP",3219.38000000,3215.00000000
"SPORTS BAG",3217.62000000,3210.00000000
"GARY'S MEGACYCLE",3216.15500000,3210.00000000
"NATCHEZ BICYCLE CENTER",3214.46000000,3210.00000000
"TURIN BICYCLE CO-OP",3212.61000000,3205.00000000
"RAD ROB'S",3212.35000000,3210.00000000
"BIKE COUNTRY",3210.21000000,3205.00000000
"CHRIS KVALE CYCLES",3206.27000000,3200.00000000
"THE PIEDMONT PEDALER",3206.02000000,3200.00000000
"BIKEWORLD INC",3205.88500000,3200.00000000
"SPORT CHALET",3203.59657895,3198.42105263
"FISK'S CYCLERY",3199.19000000,3190.00000000
"MARTY'S BICYCLE SHOP",3198.93000000,3190.00000000
"Y NOT CYCLING & FITNESS",3197.23000000,3190.00000000
"TRANSITION CYCLERY",3197.10000000,3190.00000000
"WHEEL WORLD",3196.63000000,3190.00000000
"BICYCLE SOUTH INC",3196.08000000,3190.00000000
"DONOHUE BICYCLE SERVICE",3194.68000000,3190.00000000
"NOR-DOOR SPORT & CYCLERY",3192.56000000,3190.00000000
"MARK'S BICYCLE SHOP",3192.56000000,3190.00000000
"SPOKES BICYCLE SHOP",3191.71000000,3190.00000000
"FOOTHILLS BIKE ROCK & GIFT SHP",3191.20000000,3190.00000000
"NITTEN USA",3190.60000000,3190.00000000
"OLYMPIC SPORTS",3185.58000000,3180.00000000
"COLORADO CYCLIST",3184.92000000,3180.00000000
"THE BROKEN SPOKE RECYCLERY",3182.94000000,3180.00000000
"BIKE GALLERY CYCLING & FITNESS",3181.38000000,3180.00000000
"BICYCLES OUTBACK",3180.75000000,3175.00000000
"MOUNTAIN BIKE SPECIALISTS",3179.76000000,3170.00000000
"PEDLING FOOL",3176.38000000,3170.00000000
"BELOIT BICYCLES",3176.22000000,3170.00000000
"THE VILLAGE BIKE SHOPPE",3175.27500000,3170.00000000
"JOHN'S KART SHOP",3174.93000000,3150.00000000
"INSIDE-OUT SPORTS",3165.89000000,3160.00000000
"MIKES FREEDOM BICYCLE WRHSE",3165.89000000,3160.00000000
"SPORTS WAREHOUSE",3165.68000000,3160.00000000
"RUDY'S BICYCLE SHOP",3163.96000000,3160.00000000
"KINGSVILLE BICYCLE CLINIC",3163.75000000,3160.00000000
"DISCOUNT PEDDLER",3162.22000000,3160.00000000
"MILLERS CYCLING & FITNESS CTR",3161.62000000,3160.00000000
"LANE'S TRUSTWORTHY",3158.45000000,3150.00000000
"GOING MOBILE BIKE STORE",3158.22000000,3150.00000000
"PHILADELPHIA BICYCLE INC",3156.34000000,3150.00000000
"BIKETECH BICYCLE REPAIR",3155.67000000,3150.00000000
"COMPLETE BUILDING MATERIALS CO",3155.18500000,3152.50000000
"TWIN BICYCLE",3154.73696970,3149.69696970
"BICYCLES & SPORTS INC",3154.68000000,3150.00000000
"SCHELLER'S FITNESS & CYCLING",3152.82600000,3146.00000000
"MIKE'S BIKES OF WALDORF",3151.68000000,3150.00000000
"THE PEDAL SHOP",3151.44500000,3145.00000000
"PERFORMANCE BICYCLE SHOP",3151.31931818,3145.54545455
"HORIZON CYCLES INC",3146.53000000,3145.00000000
"SCHWINN DENNISON CYCLERY",3144.54594595,3139.45945946
"THE S L LEWIS BIKE CO",3140.77000000,3140.00000000
"TWO SEASONS CYCLE & SKI",3135.80000000,3130.00000000
"HOMEWOOD CYCLE AND FITNESS",3133.22000000,3125.00000000
"PEDAL PUSHERS",3132.74000000,3130.00000000
"TOMMY'S BICYCLES & FITNESS",3131.08000000,3130.00000000
BIKEFIT,3125.86000000,3120.00000000
"MARTIN I IMPORTS BICYCLES",3124.18774194,3119.35483871
"SOMOZA'S BIKE SHOP",3123.47114286,3119.14285714
"SPORTSMAN HANGOUT",3121.23333333,3116.66666667
"CENNA'S CYCLES",3120.72000000,3120.00000000
"PRO CYCLES",3113.44666667,3110.00000000
"HELEN'S CYCLES",3113.25757576,3108.78787879
"DAVE'S BIKE SHOP",3107.74666667,3100.00000000
"CITY CYCLE",3106.47500000,3100.00000000
"FORT WORTH CYCLING & FITNS CTR",3103.44750000,3100.00000000
"FLORENCE CYCLE SHOP",3102.68363636,3098.18181818
"MILES BICYCLE SHOP",3101.58000000,3100.00000000
"BILL'S BIKE SHOP",3100.70750000,3095.00000000
"PLANETARY GEAR",3100.33000000,3100.00000000
"DENO'S CYCLERY",3097.29000000,3090.00000000
"RAINBOW BICYCLE CO",3095.93000000,3090.00000000
"BLACKSMITH BICYCLE WHEELS",3094.41000000,3090.00000000
"ARLENE GREWELL",3093.84500000,3090.00000000
"MILLBURN BICYCLE SHOP INC",3092.84000000,3090.00000000
"GARDENA BIKE SHOP",3091.48000000,3090.00000000
"CYCLE WORKS",3091.15000000,3086.66666667
"BIKE AGE",3089.82000000,3085.00000000
"KOZY'S CYCLERY AND FITNESS",3088.42625000,3083.12500000
"MOUNTAIN CYCOLOGY",3088.13000000,3080.00000000
"TENTH GEAR BICYCLE SHOP",3087.38000000,3075.00000000
"SECOND HAND SPORT",3085.59000000,3077.50000000
"BEACH RENTALS",3085.57000000,3080.00000000
"CYCLES & THINGS",3085.57000000,3080.00000000
"MATSON'S SCHWINN CYCLERY",3081.12000000,3080.00000000
"BICYCLE PEDALER",3074.72000000,3070.00000000
"NOW SPORTS INC",3074.60000000,3055.00000000
"JIMMIE'S BIKE & REPAIR SHOP",3074.25500000,3070.00000000
"THE BICYCLE WORKS",3073.82000000,3065.00000000
"RUDY RACK",3071.61000000,3065.00000000
"MATTHEWS BICYCLE MART INC",3064.97000000,3060.00000000
Walk-In,3064.04179145,3059.00521990
PEDDLERS,3063.74333333,3060.00000000
"B & G CYCLERY",3060.47000000,3060.00000000
"JERRY'S BICYCLE SHOP",3059.43000000,3050.00000000
"TORQUE CENTER USA",3058.65500000,3055.00000000
"CALUMET CY SCHWINN CYCLERY INC",3057.73500000,3055.00000000
"BEST BICYCLES",3055.80000000,3050.00000000
"GILLES CYCLING & FITNESS",3055.34000000,3050.00000000
"PARADISE VALLEY BICYCLE",3054.08000000,3050.00000000
"SALHINGER'S BIKE SHOP",3053.33000000,3050.00000000
"D & S BICYCLE SHOP",3049.94000000,3040.00000000
"BYERLY TIRE & APPLIANCE",3049.50000000,3040.00000000
"KOPP'S CYCLE",3046.33000000,3040.00000000
"ROCK & ROAD BICYCLES",3046.28500000,3040.00000000
"JIM'S BICYCLE SHOP",3044.93000000,3040.00000000
"PALMDALE BIKE SHOP",3042.52000000,3035.00000000
"BICYCLE STATION",3039.88666667,3036.66666667
"VILLAGE CYCLERY",3038.84000000,3030.00000000
"TRI-ANGLE BIKE'S",3038.34000000,3030.00000000
"EASTERN PULSE",3037.80000000,3030.00000000
"THE BIKE BARN",3037.75000000,3030.00000000
"Direct Sales",3034.23713646,3028.82761199
"DIAMOND CYCLE CENTER",3032.56000000,3030.00000000
"ILL CYCLE & FITNESS",3031.66000000,3030.00000000
"MOUNT WASHINGTON BIKE SHOP",3027.96500000,3025.00000000
"WALKER & SON BICYCLES",3026.81000000,3020.00000000
"HOLLYLOFT SKI & BIKE",3024.32000000,3020.00000000
"LOGAN KEY & LOCK SHOP",3024.32000000,3020.00000000
"BICYCLE BARN",3023.72000000,3020.00000000
"DELUXE BICYCLES",3022.08500000,3015.00000000
"MIKE'S BICYCLE ADVENTURE",3021.72000000,3020.00000000
"TAILWIND CYCLING & FITNESS",3020.34000000,3020.00000000
"GARY'S CYCLE SHOP",3019.81500000,3015.00000000
"FOOTHILL CYCLERY",3018.70000000,3010.00000000
"LARRY'S BIKE SHOP",3017.70000000,3010.00000000
"MIAMI BEACH BICYCLE CENTER",3017.60000000,3010.00000000
"CUMBERLAND TRANSIT BICYCLES",3014.46500000,3010.00000000
"VALLEY CREEK BICYCLE INC",3014.30000000,3010.00000000
"SCHWINN NORRIS BICYCLES",3012.27000000,3010.00000000
"BIKE RACK HUMPALS",3011.98000000,3005.00000000
"BARBERTON BIKE & TRAIN DEPOT",3008.82000000,3000.00000000
"RECYCLED BICYCLES",3007.07000000,3000.00000000
"KATY BIKE RENTAL INC",3007.05750000,3002.50000000
"THIRD STREET BIKE SHOP",3005.55000000,3000.00000000
"DALTON BICYCLE WORKS",3001.11333333,2993.33333333
"OWENSBORO SCHWINN CYCLERY",2999.04000000,2980.00000000
"DAVENPORT SPRING CO INC",2998.17000000,2990.00000000
"ADAMS MOPEDS & BICYCLES",2997.72148148,2991.85185185
"BIRCH TREE ENTERPRISES INC",2997.21000000,2990.00000000
"MURRAY'S BIKE SHOP",2996.86000000,2990.00000000
"SPRING ST SPORTS INC",2995.11500000,2990.00000000
"BIKE PATH",2991.51000000,2990.00000000
"S & J SCOOTER BIKES",2985.21000000,2980.00000000
"ISLAND CRUISERS INC",2983.88000000,2975.00000000
"LOVELAND'S CYCLE",2982.03333333,2963.33333333
"BEAUFORT BIKE SHOP",2981.60000000,2980.00000000
"BICYCLE HOSPITAL",2977.62000000,2970.00000000
"PEDAL & SPOKE LTD",2977.62000000,2970.00000000
"THE MOUNTAIN MAN SKI SHOP",2977.62000000,2970.00000000
"A BICYCLE STATION",2976.92058824,2971.76470588
"EADS SUPPLY & CYCLE SALES",2974.26583333,2966.66666667
"UNIVERSITY SCHWINN CYCLERY",2971.76000000,2970.00000000
"BICYCLE DOCTOR/EDGEWORKS",2971.57000000,2970.00000000
"ROSWELL SCHWINN CYCLERY",2969.32500000,2965.00000000
"BELLFLOWER BIKE SHOP",2966.74500000,2960.00000000
"VILLAGE BIKE SHOPS",2965.01000000,2960.00000000
"REG BAUER'S BIKE SHOP",2957.92333333,2956.66666667
"ALL SPOKES BICYCLE SHOP",2956.50000000,2950.00000000
"CALIFORNIA BICYCLE INC",2955.13000000,2950.00000000
"HIGHLAND PARK SCHWINN CYCLERY",2952.56000000,2950.00000000
"ASHLAND BICYCLE CENTER",2949.08400000,2938.00000000
"BIKE TECH",2945.50142857,2941.42857143
"MOTTOLA BICYCLE",2944.38500000,2940.00000000
"WAYNE CYCLERY",2941.61250000,2932.50000000
"SELF-PROPULSION INC",2940.84000000,2940.00000000
"THE BICYCLE CHAIN",2938.00000000,2930.00000000
"LIVERNOIS BIKE SHOP",2937.81000000,2900.00000000
"AMPRO CYCLES INTERNATIONAL",2937.62000000,2935.00000000
"COUNTRY CYCLES",2937.16000000,2930.00000000
JIM'S,2937.02000000,2930.00000000
"JOE'S BIKE SHOP",2936.56666667,2930.00000000
"LAKE SHORE SCHWINN CYCLERY",2935.95750000,2935.00000000
"VIA BICYCLE",2934.08000000,2930.00000000
"MIKES BIKES & SM ENG RPR INC",2934.00000000,2925.00000000
"SHANK'S MARE OUTFITTERS",2930.28000000,2930.00000000
"JUST NORTH OF DAYTONA",2930.11000000,2925.00000000
"HARRISON'S BICYCLE SHOP",2929.94750000,2922.50000000
"BIKE ADDICTS",2927.93333333,2923.33333333
"FOUR SONS CYCLERY",2925.95000000,2920.00000000
"BICYCLE AUTHORITY",2925.90000000,2925.00000000
"HANNA'S BIKE SHOP",2925.23666667,2920.00000000
"MAIN STREET CYCLES",2924.45000000,2920.00000000
"A & M CYCLE & SUPPLY CO",2923.23000000,2920.00000000
"VILLAGE BICYCLE SHOPPE",2922.60000000,2920.00000000
"BONZAI SPORTS CENTER",2921.21000000,2910.00000000
"THE GERMANTOWN BICYCLE SHOP",2919.38500000,2915.00000000
"MIDWEST CYCLERY",2918.35000000,2913.33333333
"WESTERVILLE BIKE SHOP",2917.78000000,2910.00000000
"CONTINENTAL CYCLERY",2915.04500000,2910.00000000
"JAYHAWK PAWN & JEWELRY",2914.93500000,2910.00000000
"THE BIKE BUZZARD",2914.48000000,2910.00000000
"ISLAND TRIATHLON & BIKE",2913.54000000,2910.00000000
"DANIEL BOONE CYCLES INC",2911.59000000,2910.00000000
"DIAMOND CYCLERY",2908.90000000,2900.00000000
"BICYCLE SPORT",2908.82000000,2906.66666667
"UPTOWN CYCLERY & SPORT",2908.45000000,2900.00000000
"TONY'S SCHWINN BIKE SHOP",2907.58093750,2902.50000000
"THE MOUNTAIN WORKS",2905.08000000,2900.00000000
"DENVER'S SPOKE SHOPS",2904.08000000,2900.00000000
"ASSENMACHER'S CYCLING CENTER G",2903.67600000,2898.00000000
"WESTPORT BICYCLES",2903.52000000,2900.00000000
"FRIDLEY HTS SCHWINN CYCLERY",2901.94000000,2895.00000000
"THE BIKE PEDDLER",2901.78000000,2895.00000000
"LIGHTNING CYCLES",2901.29666667,2891.66666667
"THE BLT SHOP",2900.64000000,2900.00000000
"DIXIE SCHWINN CYCLERY",2900.57750000,2898.41500000
"IMPERIAL STORES",2900.08000000,2896.66666667
"BIKE STOP",2899.44333333,2893.33333333
"ALBUQUERQUE BICYCLE CENTER",2895.68000000,2890.00000000
"ALL BICYCLES",2895.68000000,2890.00000000
"BIKE DOCTOR",2892.83250000,2887.50000000
"MY BROTHER'S BICYCLE",2892.70000000,2890.00000000
"BOULEVARD BICYCLE SHOP",2890.29000000,2890.00000000
"WILLIE'S SPORT SHOP",2889.72000000,2880.00000000
"THE BIKE GALLERY",2889.42000000,2875.00000000
"COAST BIKE & SPORT SHOP",2888.10000000,2880.00000000
"WOLFGARD INTERNATIONAL LTD",2888.07000000,2880.00000000
"CASTRO VALLEY CYCLERY",2885.56500000,2880.00000000
"FINE EDGE",2883.18000000,2880.00000000
"FAT TIRE CYCLES",2882.70000000,2880.00000000
"TRM CYCLES",2880.95000000,2880.00000000
"HIGH GEAR",2879.83000000,2870.00000000
"CYCLEPATH OF SAN MATEO",2877.56000000,2870.00000000
"PACE BICYCLE HAVEN",2876.16000000,2870.00000000
"WHEEL & SPROCKET INC",2874.98000000,2870.00000000
"ROSEWOOD CYCLING & FITNESS",2874.56500000,2857.50000000
"DTS INTERNATL INC",2874.31000000,2870.00000000
"BAY AREA SCHWINN",2873.57000000,2870.00000000
"DAVID'S CYCLES",2867.69500000,2860.00000000
"PAQUETTE'S CYCLE & SKI",2866.92500000,2860.00000000
"MAJOR MOTOR SUPPLY CO",2866.63375000,2861.25000000
"BIKE CENTER OF SHEM CREEK",2866.11000000,2860.00000000
"WALLY'S BICYCLES",2865.86000000,2860.00000000
"PITTSBURGH PRO BICYCLES INC",2865.74000000,2860.00000000
"BOB'S BICYCLE SHOP",2861.78333333,2856.66666667
"OAKDALE BICYCLE SHOP",2860.87000000,2860.00000000
"HILLCREST BIKE SHOP",2860.87000000,2860.00000000
"BASE CAMP INC",2859.69000000,2857.10000000
"TEAM SCHWINN",2858.85000000,2850.00000000
"BICYCLING TECHNIQUES",2858.15000000,2850.00000000
"BIKES USA",2856.70000000,2848.63636364
"ANTHONY'S BIKE & KEY SHOP",2851.88500000,2850.00000000
"QUALITY BICYCLE SALES & SVC",2851.63000000,2850.00000000
"BIKE BROKER INC",2851.38250000,2847.50000000
"BIKE WORKS",2846.11714286,2840.00000000
"TRIMSPORT CYCLE",2845.30333333,2840.00000000
"JAVA CYCLES & REPAIR",2842.89000000,2840.00000000
"LE TOUR CYCLERY INCORPORATED",2841.66000000,2835.00000000
"WEST END BICYCLES",2841.17000000,2837.50000000
"GNO CYCLERY",2838.76500000,2825.00000000
"BEVERLY FENCE CO",2836.81500000,2825.00000000
"THE GOLDEN RING BICYCLE SHOP",2836.55000000,2830.00000000
"RENAISSANCE CYCLERY",2836.49000000,2830.00000000
"THE BICYCLE LINK",2835.01000000,2830.00000000
"IMMEL BICYCLE CENTER",2832.88000000,2815.00000000
"ISLAND BIKE & SURF SHOP",2830.70500000,2825.00000000
"DYNAMIC BIKES",2829.96000000,2825.00000000
"BICYCLE SHOP",2829.18000000,2825.00000000
"GILLY'S BIKE SHOP",2824.16000000,2820.00000000
"THE GREAT ESCAPE",2820.87000000,2815.00000000
"EVERGREEN SPORT CYCLE",2820.07000000,2820.00000000
"G N GONZALES INC",2819.00000000,2815.00000000
"BICYCLE MICHAEL'S",2817.15000000,2810.00000000
"THE TWO WHEELER DEALER",2815.97000000,2810.00000000
"TROY'S BIKES",2812.02000000,2810.00000000
"DOMENIC'S CYCLING",2809.64000000,2800.00000000
"CLASSIC BICYCLES INC",2801.33000000,2796.66666667
"PEDALERS PLACE CYCLE & SKI SHP",2800.12000000,2800.00000000
"DON'S BIKE REPAIR",2797.58333333,2793.33333333
"KING'S CYCLERY",2795.49166667,2748.31833333
"THE RIGHT GEAR",2795.16500000,2790.00000000
"BIKE ROUTE",2793.65571429,2787.14285714
"BIKE & SPRT OUTFITTERS",2793.36000000,2790.00000000
"U S BIKE A INC",2790.96000000,2790.00000000
"CLAYTON VALLEY BICYCLE CENTER",2788.32000000,2780.00000000
"MIDDLETON CYCLE AND FITNESS",2781.42000000,2780.00000000
"YANKEE PEDDLER BICYCLES",2780.32000000,2780.00000000
"HARBOR BIKE & SKI",2779.98500000,2775.00000000
SPORTMART,2779.83200000,2774.00000000
"RACE N RIDE BICYCLE",2779.24000000,2770.00000000
"SPOKE N TRAIL INC",2778.66500000,2775.00000000
"FISHKIN BROS INC",2777.27000000,2770.00000000
"EMERYS HOME FITNS & BIKE CTRS",2773.80000000,2770.00000000
"MR BICYCLE",2773.79500000,2770.00000000
"BIKE BARN",2772.76250000,2765.00000000
"FAMILY BIKE EXCHANGE",2772.30000000,2770.00000000
"BICYCLE SERVICE CENTER",2771.92000000,2770.00000000
"SCHWAB CYCLES",2771.91000000,2770.00000000
"LANE BROTHERS MART",2771.91000000,2770.00000000
"BICYCLE GARAGE OF INDY",2771.89000000,2770.00000000
"RRB TREK BICYCLES & FITNESS",2771.55000000,2770.00000000
"CROMER'S ACE SUPER BIKE WORLD ALEDO",2771.48000000,2765.00000000
"GREAT LAKES CYCLING & FITNESS",2771.46000000,2770.00000000
"METRO BIKES INC",2769.44000000,2760.00000000
EVERYBODY'S,2768.43000000,2750.00000000
"SKI SURF SHOP",2768.36000000,2760.00000000
"CYCLE TECH",2763.31500000,2760.00000000
"CUTTING EDGE SPORTS",2762.70000000,2760.00000000
"ONTARIO BICYCLE",2762.36000000,2755.00000000
"KOSLOW CYCLE INC",2760.70000000,2760.00000000
"EAST RIDGE BICYCLES",2760.50000000,2760.00000000
"RUDY'S SCHWINN CYCLE & FITNESS",2759.52000000,2750.00000000
"VALLEY BICYCLES",2758.88000000,2750.00000000
"THE BICYCLE SHOP",2757.68000000,2752.85714286
"DOWNRIVER CYCLE CENTER",2755.77000000,2750.00000000
"G L KEYES INC",2755.63000000,2750.00000000
"TODD'S SCHWINN BICYCLES",2753.02000000,2750.00000000
"FUN SPORT BIKES",2751.99000000,2750.00000000
"HANDY BIKES CORP",2751.99000000,2750.00000000
"CYCLE WORLD",2751.02000000,2745.00000000
"INTERWHEEL SPORTS INC",2749.56000000,2740.00000000
"ART'S CYCLING & FITNESS",2748.64000000,2740.00000000
"BRIDGEPORT CYCLERY",2747.72000000,2740.00000000
"VERONA CYCLE SHOP",2747.72000000,2740.00000000
"ESCAMBIA SCHWINN CYCLERY",2747.72000000,2740.00000000
"IRA'S BIKE SHOP",2747.72000000,2740.00000000
"MCDOWELL BICYCLE SHOP",2747.72000000,2740.00000000
"CAG'S CYCLES",2747.72000000,2740.00000000
SCHWINN,2746.04500000,2740.00000000
"VAN CAMP'S BICYCLE SHOP",2745.53250000,2740.00000000
"CLACKAMAS CYCLE WORLD",2745.30000000,2740.00000000
"OCOEE BICYCLE SHOP",2745.30000000,2740.00000000
"BROOKE 'N' BRI'S INC",2742.48000000,2740.00000000
"CALHOUN CYCLE",2742.37000000,2740.00000000
"THE BIKE SHOP",2740.33076923,2716.59307692
"CALABASH BICYCLE REPAIRS",2737.08000000,2730.00000000
"BIKE RX",2737.08000000,2730.00000000
"MICHAEL'S BICYCLES",2737.08000000,2730.00000000
"KEVIN'S BIKES",2737.08000000,2730.00000000
"ENCORE CYCLE & FITNESS",2737.08000000,2730.00000000
"BIKE BUILDERS",2736.65000000,2730.00000000
"MOORPARK SCHWINN BIKE SHOP",2734.40000000,2730.00000000
"EARTH RIDERS BICYCLE SHOP",2733.61000000,2730.00000000
"OK BIKE SHOP",2732.56333333,2726.66666667
"SCHWINN SHIRARS BIKE & FITNS",2732.27333333,2721.66666667
"PLANETARY CYCLES",2730.11000000,2730.00000000
"DAKOTA CYCLERY",2726.00200000,2720.00000000
"OAK RIDGE BICYCLE CENTER",2725.69000000,2720.00000000
"BRIELLE CYCLERY",2723.62000000,2720.00000000
"DAKOTA OUTDOORS",2723.00166667,2718.33333333
"MONTGOMERY CYCLERY INC",2722.53666667,2712.08333333
"CAMPUS BIKE SHOP",2722.05000000,2720.00000000
"BICYCLE SHOPPE",2722.05000000,2720.00000000
"ACTION BIKE SHOP",2719.92500000,2685.00000000
"OLYMPIA CYCLE",2715.06000000,2710.00000000
"FRIDRICH BICYCLE INC",2714.84000000,2710.00000000
"THE BICYCLE TRIP",2713.41000000,2700.00000000
"MAPLEWOOD SCHWINN CYCLING",2707.42000000,2700.00000000
"KENTUCKIANA BICYCLE STORE",2706.41750000,2696.25000000
"ESCALON BIKE SHOP",2705.68000000,2700.00000000
"BICYCLE WORLD TOO INC",2705.42000000,2700.00000000
"THE BIKE STOP",2704.71000000,2700.00000000
"ALSIP SCHWINN CYCLERY",2704.65000000,2700.00000000
"SPOKE AND PEDAL",2703.05500000,2695.00000000
"GEARING UP",2702.47000000,2700.00000000
"PACIFIC BICYCLE CO",2701.85000000,2700.00000000
"VERTICAL SPORTS",2701.30000000,2700.00000000
"PRO CYCLE CENTERS",2701.30000000,2700.00000000
"VILLAGE BICYCLE CENTER",2694.99000000,2690.00000000
"PR PATH SCHWINN CYCL & FITNS",2694.93000000,2690.00000000
"BOZO CYCLES",2692.99000000,2690.00000000
"RACQUET MASTER BIKE AND SKI",2692.91000000,2690.00000000
"BIKERS AMERICA",2689.39000000,2680.00000000
"THE SKI & SPORT HAUS",2688.36000000,2680.00000000
"PED'LIN AROUND",2687.95000000,2680.00000000
"DOTHAN CYCLE & FITNESS",2683.05000000,2680.00000000
"BMX RACING ZONE",2682.95500000,2675.00000000
"EDUCATIONAL MEDIA INC",2682.49000000,2680.00000000
"TONY'S RADICAL SPORTZ",2680.14000000,2680.00000000
"BARRETT'S BICYCLE BARN",2680.14000000,2680.00000000
"FAIR WHEEL BIKES",2680.14000000,2680.00000000
"CARL'S GAS SERVICE",2679.52000000,2598.84500000
"MIKE'S BIKES",2678.69833333,2673.33333333
"RIDE-N STRIDE",2678.56500000,2675.00000000
"CAMDEN COUNTY BICYCLE CENTER",2676.78000000,2670.00000000
"RIDGE CYCLERY",2673.76000000,2670.00000000
"BTR CYCLE & HOBBIES",2673.73333333,2661.66666667
"RENO BICYCLE CENTER",2673.15000000,2670.00000000
"BIKE & BOARD",2672.14000000,2670.00000000
"BIKES AND MOORE",2671.33133333,2661.66666667
"HAWLEY'S BICYCLE WORLD",2670.05600000,2665.40200000
"CONTES BICYCLE & FITNESS EQUIP",2670.04000000,2663.33333333
"GRAND WEST OUTFITTERS",2669.52000000,2665.00000000
"BREAKAWAY CYCLERY",2668.30000000,2660.00000000
"TAYLOR VAN",2666.99000000,2660.00000000
"BEVERLY CYCLERY",2664.93000000,2660.00000000
"LAWVER'S BICYCLE SHOP",2664.15200000,2658.00000000
"HANDLEBAR BICYCLE SHOP",2663.95500000,2660.00000000
"GLIDE BICYCLE",2663.62000000,2650.00000000
"PEDERSEN'S SKI & SPORTS ",2662.85000000,2660.00000000
"PETE'S CYCLE CO INC",2662.20000000,2660.00000000
TRI-ATHLETICS,2662.18000000,2660.00000000
"NASHVILLE BICYCLE COMPANY",2661.34500000,2660.00000000
"WASHTENAW CYCLE & FITNESS",2657.30000000,2655.00000000
"BIKES AMERICA",2656.41000000,2650.00000000
"AGGIE BIKE STATION",2654.00000000,2650.00000000
"PACELINE CYCLERY",2653.82000000,2650.00000000
"BAY SPORTS",2653.77333333,2646.66666667
"KOHLMANN'S BIKE SHOP",2649.26500000,2645.00000000
BIKELAND,2649.15500000,2645.00000000
"BICYCLE SPORT INC",2648.55600000,2639.00000000
"BECKWITH BICYCLES",2648.46000000,2640.00000000
"KAUFMAN SCHWINN CYCLERY",2648.20000000,2640.00000000
"RECYCLED CYCLES",2647.84333333,2643.33333333
"RRB CYCLES LTD",2646.43571429,2641.42857143
"MAC'S BIKE SHOP",2646.14000000,2640.00000000
"MOUNT MORIAH BICYCLE COMPANY",2644.15000000,2640.00000000
"E'TOWN SCHWINN CYCLERY",2643.77500000,2635.00000000
"PEDAL POWER",2641.99000000,2640.00000000
"TURNER'S CYCLING AND FITNESS",2641.63000000,2640.00000000
"MURFREESBORO BICYCLE COMPANY",2641.45000000,2624.00000000
"TRAIL SPORTS",2641.02000000,2640.00000000
"BRAESWOOD BIKE-N-HIKE",2640.99500000,2635.00000000
"MILL RACE CYCLERY",2640.82000000,2635.00000000
"BICYCLE CENTER",2640.66333333,2636.66666667
"JAY'S PEDAL POWER BICYCLE SHOP",2640.52000000,2640.00000000
"BIKESOURCE OF PITTSBURGH",2637.82500000,2635.00000000
"SHIPLEY'S BICYCLE SHOP",2637.75000000,2630.00000000
"AMERCN CTR FOR BIKE REGIS",2637.13000000,2630.00000000
"OPEN ROAD BICYCLES",2637.13000000,2630.00000000
"A-1 BIKE SHOP",2636.47000000,2630.00000000
"BESTWAY RACING",2636.18000000,2630.00000000
"HUTCH'S BICYCLE STORE",2635.49000000,2630.00000000
"YELLOW JERSEY",2635.33500000,2625.00000000
"RAINBOW CYCLES INC",2634.08000000,2630.00000000
"CYCLETECH BICYCLE SHOPS",2632.05000000,2630.00000000
"CLIFTON SPEED CENTER INC",2632.05000000,2630.00000000
"FAMILY BIKE & SPORTS",2630.95000000,2630.00000000
"BICYCLE POST INC",2630.27500000,2625.00000000
"HOWELL CYCLE",2629.04000000,2620.00000000
"DAVE'S CYCLE SHOP",2628.55900000,2619.00000000
"AWESOME CYCLES",2626.83000000,2623.33333333
"THE BICYCLE LIVERY",2626.64000000,2620.00000000
"AVILLA BICYCLE SERVICE",2625.70000000,2620.00000000
"BICYCLE CENTER OF CLARKSVILLE",2624.92200000,2617.00000000
"HAMPTON SCHWINN CYCLERY",2624.19000000,2620.00000000
"AZALEA BICYCLE SHOP",2624.19000000,2620.00000000
FAD-TASTIC,2621.49500000,2615.00000000
"THE PEDDLER",2618.24000000,2610.00000000
"D & D BICYCLE",2618.24000000,2610.00000000
"DOUBLE WHEEL STORES",2616.44333333,2610.00000000
"AMLING'S CYCLE & FITNESS",2616.34000000,2610.00000000
"EL PASO BIKE CENTER",2615.79500000,2615.00000000
"MOORE'S BICYCLE SHOP",2615.67000000,2462.50000000
"CARBIKE COMPANY",2615.49000000,2610.00000000
"MARTIN CNTY SCHWINN CYCLING",2614.42000000,2610.00000000
"KEY LARGO BIKE'S",2612.69500000,2590.00000000
HYDRO-BIKES,2612.66250000,2607.80250000
"NORDIK BIKE-SKI & PATIO",2611.57000000,2605.00000000
"BAY AREA SCHWINN CYCLING",2611.36500000,2607.50000000
"TEXAS CYCLE",2609.99000000,2600.00000000
"CHESTERTON BICYCLE STATION",2609.99000000,2600.00000000
"HITE'S BIKE SHOP",2609.99000000,2600.00000000
"CHAMP SCHWINN CYCLING & FITNS",2609.99000000,2600.00000000
"MARK'S CYCLE CORNER",2609.95000000,2603.33333333
"JERRY & SPARKYS BIKE SHP INC",2608.88500000,2605.00000000
"HIGHLAND CYCLE INC",2608.80200000,2598.00000000
"GATEWAY PERFORMANCE OUTFITTERS",2607.60000000,2600.00000000
"EDDIE O'S",2604.83000000,2600.00000000
"THE PRO BIKES",2603.34000000,2600.00000000
"SAM & RICK BICYCLES",2601.71333333,2600.00000000
"CITY CYCLES OF HOUSTON",2595.49000000,2590.00000000
"OPEN ROAD BICYCLE SHOP",2594.98000000,2590.00000000
"TRY ME BICYCLE SHOP",2591.29000000,2575.00000000
"J B CYCLE & SPORT",2590.39500000,2585.00000000
"DEKALB SCHWINN CYCLERY",2589.56000000,2585.00000000
"ART'S CYCLE & HOBBY SHOP",2586.22000000,2580.00000000
"RADICAL RIDERS BMX",2584.68500000,2580.00000000
"WRIGHT BROS CYCLERY & FITNS",2583.33555556,2574.16666667
"MILLER'S CYCLING & FITNESS",2581.62666667,2576.66666667
"EARTHSPORTS INC",2579.45000000,2570.00000000
"BILL'S DISCOUNT BICYCLE SHOP",2579.45000000,2570.00000000
"MONTGOMERY HOBBY & CYCLE",2577.62666667,2573.33333333
"ROTRAX CYCLES",2577.38500000,2575.00000000
"LAACKE & JOYS CO",2576.10666667,2563.33333333
"RIVERSIDE BIKE & SKATE",2570.64666667,2566.66666667
"CYCLE SPORTS & FITNESS",2570.54500000,2565.00000000
"HOG WILD BICYCLES",2568.12666667,2561.66666667
"GORILLA BICYCLE & FITNESS",2565.45000000,2560.00000000
"OPEN AIR BICYCLES",2565.00000000,2555.00000000
"REI-RECREATIONAL EQUIPMENT INC",2563.83571429,2551.78571429
"AL'S BICYCLES",2561.03250000,2557.50000000
"JERRY'S BICYCLES & FITNESS",2558.97000000,2540.00000000
"HANDLEBAR HARRY'S BIKE SHOP",2558.80000000,2555.00000000
"BIKE WORLD",2557.62000000,2551.00000000
"TJ'S FUDGE CYCLE",2557.57000000,2555.00000000
"BIKES PLUS",2557.09666667,2553.33333333
"CONROE SCHWINN CYCLING & FITNS",2554.21000000,2525.00000000
"WALTON TRAIL CO",2554.00000000,2550.00000000
"SCHOLL'S BICYCLE CENTER",2551.17500000,2545.00000000
"BIKE RACK INC",2550.76000000,2545.00000000
"YELLOWSTONE BICYCLES",2549.99000000,2540.00000000
TEMPO,2547.93000000,2540.00000000
"EZ PAWN",2545.99500000,2540.00000000
"LITTLE ADES BICYCLES & REPAIRS",2543.78000000,2540.00000000
"SOUTHLAND BICYCLE SHOP",2543.60666667,2540.00000000
"FARGO BIKE SHOP",2543.12000000,2540.00000000
"PRECISION BICYCLE",2542.99833333,2538.33333333
"MOUNTAIN BIKE INNOVATIONS",2541.06500000,2535.00000000
"BELLAIRE BICYCLE SHOP",2540.03000000,2438.22000000
"ENFIELD BICYCLE SHOP",2540.02000000,2540.00000000
"ALTAMONTE CYCLING & FITNS CTR",2538.19000000,2530.00000000
"LAYBOURN'S BIKES",2537.68000000,2530.00000000
"LEE'S LOCKSMITH & BICYCLE SHOP",2537.68000000,2530.00000000
"EAST COASTERS CYCLING & FITNS",2537.68000000,2530.00000000
"METROPOLIS BICYCLES",2536.93400000,2532.00000000
"BIKES ETC",2535.93000000,2530.00000000
"BADEN BIKE CENTER",2535.43250000,2527.50000000
"BICYCLE WAREHOUSE CO",2534.85400000,2530.00000000
"SPOKESMAN BIKE SHOP",2533.35000000,2530.00000000
"VISALIA CYCLERY",2533.35000000,2530.00000000
"THE BIKERY",2531.32000000,2530.00000000
"WANDERING WHEELS CYCLERY",2531.32000000,2530.00000000
"THE CYCLESMITH",2531.32000000,2530.00000000
"B & L BIKE & SPORTS",2531.32000000,2530.00000000
"VILLAGE BIKES INC",2528.47500000,2522.50000000
"BIKE RITE",2527.23000000,2525.00000000
"BIKE SHOP AT THE SKI BARN",2526.14000000,2520.00000000
"THE NEW SEAL BEACH CYCLE",2526.14000000,2520.00000000
"MIKE'S CYCLE CITY",2524.09000000,2520.00000000
"REI-RECREATIONAL EQUIP INC",2522.03000000,2520.00000000
"PACELINE BICYCLE SHOP",2522.03000000,2520.00000000
"PEDALS PLUS BICYCLE SHOP",2518.91714286,2514.28571429
"INDIAN RIVER TRADER",2517.73000000,2510.00000000
"BIKE KING",2516.33000000,2510.00000000
"GOODROAD SPORTS",2516.33000000,2510.00000000
"THE BICYCLE SHACK",2516.04000000,2510.00000000
"BICYCLES ETC",2515.82444444,2513.33333333
"BIKE CONNECTION",2514.92000000,2510.00000000
"MARTINS SCHWINN CYCLING",2513.82000000,2502.50000000
"BETAT BICYCLES INC",2513.60000000,2510.00000000
"CLAIRE EAU CYCLE",2512.98666667,2505.00000000
"SPECTRUM CYCLES",2511.78000000,2510.00000000
"WHEEL BASE INC",2509.86000000,2500.00000000
"BINGHAM CYCLERY",2509.80000000,2500.00000000
"L & B BICYCLES",2508.84000000,2500.00000000
"KEGEL'S BICYCLE SHOP LTD",2508.84000000,2500.00000000
"JERRY'S DEALS ON WHEELS",2508.84000000,2500.00000000
"NORTH KENT SCHWINN",2506.65000000,2500.00000000
"SPINOZA'S BIKE REPAIR ETC",2505.96000000,2500.00000000
"BEST AT THE BEACH",2505.06000000,2500.00000000
"PEDAL PUSHERS BICYCLE",2505.06000000,2500.00000000
"TOWN & COUNTRY CYCLERY",2505.06000000,2500.00000000
"ISLAND BIKES",2504.61000000,2500.00000000
"BIKE EXPRESS OF NEW MILFORD",2500.36000000,2500.00000000
"LICKTON'S CYCLE CITY",2499.81000000,2490.00000000
"BIKE & FITNESS LAS COLINAS",2499.81000000,2490.00000000
"HANSEN CYCLE CO",2499.81000000,2490.00000000
"PACIFIC BICYCLE",2499.64000000,2490.00000000
"BLOOMFIELD BIKE INC",2497.61000000,2475.00000000
"SPEED CYCLE",2497.46600000,2492.00000000
"MODERN BIKE",2496.52000000,2450.00000000
"PEACHTREE CITY PEDAL POWER CO",2495.89000000,2490.00000000
"PETALUMA CYCLERY",2495.89000000,2490.00000000
"THE BIKE ROUTE",2495.77000000,2488.57142857
"DELGADO'S BICYCLE SERVICE",2495.18000000,2490.00000000
"EASTSIDE BIKE",2494.29333333,2490.00000000
"ABC CYCLE",2491.99000000,2475.00000000
"NOVA CYCLING & FITNESS",2491.66750000,2486.25000000
"ERA SKI & BIKE SHOP",2491.54000000,2490.00000000
"BICYCLE ANNEX",2488.58000000,2480.00000000
"PEREGRINE CYCLE",2488.08000000,2480.00000000
"NORTH STAR BIKES & BOARDS",2488.08000000,2480.00000000
"SCORPION BICYCLE",2487.22333333,2480.00000000
MONKEYWORKS,2485.46000000,2480.00000000
"BIKE CENTER",2485.25000000,2480.00000000
"ROCHESTER CYCLING & FITNESS",2485.25000000,2480.00000000
"FULL CYCLE",2485.25000000,2480.00000000
"SPORTS PLUS",2485.23000000,2480.00000000
"SUBURBAN CYCLE",2483.74000000,2480.00000000
"MERCED BIKE",2483.55500000,2480.00000000
"O'NEIL'S BICYCLE & SKI SHOP",2483.28000000,2480.00000000
"DEL MAR CYCLE WORKS",2483.28000000,2480.00000000
"PROJECT BIKE SHOP",2483.28000000,2480.00000000
"PHAT TIRE",2480.98000000,2480.00000000
"HIGH'S CYCLE CENTER",2480.03333333,2473.33333333
BICYCLERY,2480.01000000,2480.00000000
"RIVER TRAIL BICYCLES",2479.46000000,2470.00000000
"ZIMMERMAN'S BIKE SHOP",2478.65500000,2470.00000000
"OSCAR WASTYN CYCLES",2477.94000000,2475.00000000
"GARNER'S PRO BICYCLE SHOP",2477.71333333,2473.33333333
"WITTY'S CUSTOM ACCESSORIES",2477.38000000,2470.00000000
"HERWIG'S BICYCLE STORE",2477.12000000,2470.00000000
"FABER'S CYCLERY",2476.76000000,2470.00000000
"VILLAGE CYCLE SPORTS",2476.76000000,2470.00000000
"VAL'S CYCLERY",2475.62000000,2470.00000000
"BILLY'S BOAT & BIKE CORRAL",2475.09500000,2465.00000000
"O'NEAL'S CYCLERY",2474.15500000,2470.00000000
"CUSTOM CYCLE",2473.92500000,2470.00000000
"FORESTRY SUPPLY",2473.01000000,2470.00000000
"CARTY'S BIKE SHOP",2472.74000000,2470.00000000
"PEDAL POWER BIKE SHOP",2472.53500000,2455.00000000
"RADIUS BIKE RACK",2472.28000000,2470.00000000
"SKI & BIKE RACK",2472.26000000,2470.00000000
"ALLENS SCHWINN CYCLERY INC",2472.26000000,2470.00000000
"BICYCLE THERAPY",2471.12666667,2466.66666667
"BICYCLE SALES & SERVICE",2469.42000000,2460.00000000
"SOUTH LYON CYCLE & SPORTS",2469.41000000,2465.00000000
"ANGOLA SCHWINN",2468.48000000,2460.00000000
"PLYM SCHWINN CYCLING & FITNS",2468.48000000,2460.00000000
"SOUTH HILLS SKI & BIKE",2466.57000000,2460.00000000
"BIKE WORLD DON JOHLE'S",2466.57000000,2460.00000000
"JIM'S STORE",2465.97000000,2450.00000000
"BICYCLE RPR SHP SANTA MONICA",2465.44000000,2460.00000000
"HOME TOWN SPORTS",2465.44000000,2460.00000000
"MONTLAKE BICYCLE SHOP",2465.44000000,2460.00000000
"STATE LINE CYCLES",2464.90000000,2460.00000000
"PEDDLER SHOP",2463.65000000,2460.00000000
"PALM SPRINGS CYCLERY",2463.07000000,2460.00000000
"KRISTI MOUNTAIN SPORTS",2462.62000000,2460.00000000
"COSMOS ENTERPRISE",2461.25000000,2460.00000000
"BOB LOUNSBURY SPORTING GDS INC",2461.25000000,2460.00000000
"MOUNTAIN CYCLE",2461.25000000,2460.00000000
"GUY'S BICYCLE SHOP",2461.25000000,2460.00000000
"VENABLE'S BICYCLES",2461.25000000,2460.00000000
"CICLO SPORT SHOP",2461.25000000,2460.00000000
"GEORGE'S VALLEY SCHWINN",2461.25000000,2460.00000000
"THE BIKE SHACK",2461.25000000,2460.00000000
"SKEDADDLE BICYCLES",2460.20000000,2425.00000000
"BUSTLETON BIKES",2459.27500000,2430.00000000
"PEDERSEN'S SKI & SPORT",2457.83000000,2450.00000000
"HAWK RACING INC",2457.83000000,2450.00000000
"BUZZ'S BIKES",2457.17000000,2425.00000000
"JAMES VINCENT BICYCLES",2456.53000000,2450.00000000
"THE OPEN ROAD BICYCLE SHOP",2456.53000000,2450.00000000
"EXCELLENT BIKES",2456.42000000,2450.00000000
"U S LIYANG A INC",2454.57000000,2450.00000000
"WAYNE'S BMX BIKES",2454.50000000,2450.00000000
BIKEWORKS,2453.05000000,2450.00000000
"NOKOMIS CYCLE",2453.05000000,2450.00000000
"CIP SPORTS",2452.26000000,2450.00000000
"JML SALES CO",2451.48000000,2450.00000000
"BICYCLES INC",2451.17000000,2450.00000000
"FREEMAN'S BICYCLE REPAIR",2451.17000000,2450.00000000
"OZARK BIKE SHOP",2450.36250000,2440.00000000
"BOOKENDS BIKE SHOP",2449.48000000,2440.00000000
"THE BICYCLE BUS ",2449.42500000,2445.00000000
"THE PATHFINDER",2447.78500000,2445.00000000
"ED'S BICYCLE SHOP",2447.73166667,2435.83333333
"BIKE AMBULANCE",2446.61500000,2440.00000000
"HIALEAH SCHWINN CYCLE",2446.15000000,2440.00000000
"I C BIKE'S INC",2445.65000000,2440.00000000
"FREEWHEELER BIKE SHOP II",2444.71000000,2440.00000000
"RIVERDALE CYCLE",2444.35000000,2440.00000000
"CYCLING TUNES",2444.19000000,2440.00000000
"INKY'S SCHWINN BICYCLE INC",2443.26000000,2440.00000000
"PEDAL PADDLE BICYCLE SHOP",2443.01000000,2440.00000000
"DAWSON BROTHERS CYCLE CO",2442.60000000,2430.00000000
"LEE'S BICYCLES",2439.64000000,2430.00000000
