storename,paintcount,sumsaleprice
"THE PEDAL HOUSE",1,961.5400
"BEVERLY FENCE CO",1,1250.0000
BIKESOURCE,1,1350.0000
"OZARK BIKE SHOP",1,1350.0000
WHEATON'S,1,1400.0000
"EXPEDITION OUTFITTERS",1,1450.0000
"NELTNER'S TIRE CENTER",1,1475.0000
"ALS QCK RELEASE BIKE RPR",1,1560.0000
"BILL'S BIKE SHOP",1,1570.0000
"BERNARDO RANCHO BICYCLE CENTER",1,1575.0000
"DAYE'S SALES & SERVICE",1,1580.0000
"HOLLAND'S BICYCLES",1,1580.0000
"WEST SIDE RECREATION",1,1580.0000
"MEADOWLANDS CYCLE CENTER",1,1590.0000
"BICYCLE EXPRESS LTD",1,1600.0000
"THE CYCLERY",1,1600.0000
"ANDY JORDAN'S BICYCLE CENTER",1,1610.0000
"CYCLEPATH SCHWINN CYCLERY",1,1620.0000
"VAN CAMP'S BICYCLE SHOP",1,1650.0000
"DRITZ CYCLERY",1,1650.0000
"VILLAGE CYCLERY",1,1670.0000
"BICYCLE CENTER OF CLARKSVILLE",1,1675.0000
"BICYCLE WORLD INC",1,1680.0000
"PROFESSIONAL BIKE SERVICE",1,1700.0000
"ECONOMY BICYCLE SHOP",1,1710.0000
"THE BIKE PEDDLER",1,1710.0000
"BAER WHEELS",1,1710.0000
"WHEELCRAFT LTD RTE",1,1730.0000
"KETTERING BIKE SHOP",1,1730.0000
"ROMAN'S BICYCLE SERVICE",1,1730.0000
"THE BIKE STAND",1,1730.0000
"WHEELS OF WELLINGTON",1,1740.0000
"BADEN BIKE CENTER",1,1740.0000
"BRIGGS BICYCLES",1,1740.0000
"SLOUGH'S BIKE SHOPPE",1,1760.0000
"TRI SPORTS INC",1,1770.0000
"PRECISION BICYCLE",1,1770.0000
"VALLEY CYCLING & FITNESS",1,1770.0000
"TEAM BIG BEAR MTN BIKE CTR",1,1770.0000
"SMALLIGAN'S BICYCLES",1,1790.0000
"CYCLERY OF RANCHO BERNARDO",1,1810.0000
"OSHKOSH CYCLERY INC",1,1860.0000
"ED'S BIKE SHOP",1,1860.0000
"OXFORD BICYCLE COMPANY",1,1870.0000
"NORTHAMPTON CYCLERY",1,1870.0000
"JIM'S BIKE SHOP",1,1880.0000
"MIKE'S BIKE SHOP",1,1910.0000
"BOLSA CHICA BICYCLES",1,1910.0000
"BICYCLE THERAPY",1,1940.0000
"BICYCLES USA",1,1960.0000
"BICYCLE VILLAGE",1,1960.0000
"LIFECYCLE SPORTS INC",1,1960.0000
"TOWN & COUNTRY BICYCLE SHOP",1,1975.0000
"HELLEBUYCKS BIKE & MWR CTR INC",1,1980.0000
"GARNER'S PRO BICYCLE SHOP",1,2010.0000
"TURIN BICYCLE CO-OP",1,2020.0000
"ORLAND PARK SCHWINN CYCLERY",1,2040.0000
"NORTH STAR CYCLERY",1,2040.0000
"KENTWOOD SCHWINN CYCLING",1,2040.0000
"DAKOTA CYCLERY",1,2050.0000
"BUY MY BIKES",1,2050.0000
"ADDISON CYCLE CNTR LTD",1,2060.0000
"BEACH FRONT CYCLERY",1,2080.0000
"HENRY'S BIKE SHOP",1,2080.0000
"PORT CHARLOTTE CYCLERY",1,2080.0000
"WEST END BICYCLES",1,2090.0000
"PEOPLES SPORTING GOODS",1,2090.0000
"TOWPATH BIKE STOP",1,2090.0000
"PMJ BICYCLE & SAFETY SUPL INC",1,2090.0000
"REST STOP BICYCLE ACCESSORIES",1,2110.0000
"NEW GLASGOW CYCLE WORKS",1,2110.0000
"PEDAL PRO'S",1,2120.0000
"KEN'S BIKE SHOP",1,2120.0000
"RIDE ON SPORTS",1,2140.0000
"HUFFY SERVICE FIRST",1,2150.0000
"JOHNSON'S CYCLE & FITNESS INC",1,2151.9000
"BIKE RACK HUMPALS",1,2160.0000
"GEORGE'S REPAIR SHOP",1,2160.0000
"CAMPUS CYCLE WORKS INC",1,2160.0000
"RELIABLE CYCLE INC",1,2180.0000
"THE BIKE PEDALER",1,2180.0000
"PORTAGE SCHWINN CYCLERY",1,2190.0000
"BIKE SHOP ON GRAND",1,2210.0000
"ACTIONSPORT CYCLERY",1,2220.0000
"COMPETITIVE EDGE",1,2230.0000
"MAPLEWOOD BICYCLE",1,2270.0000
"ART DOYLE'S SPOKES & PEDALS",1,2270.0000
"NEWBERG BICYCLE SHOPPE",1,2270.0000
"CHALLENGE SCHWINN NORTHLAKE",1,2275.0000
"GALE WINDSURFING WINDS",1,2280.0000
"NAT'S OUTDOOR SPORTS",1,2280.0000
"A A JACK'S BIKE SHOP",1,2280.0000
"MARIN MOUNTAIN BIKES",1,2290.0000
"SCORPION BICYCLE",1,2290.0000
"OPEN AIR BICYCLES",1,2300.0000
"DANDOS BICYCLE CENTER",1,2310.0000
"C T M MASTER",1,2310.0000
"COPPI FAUSTO",1,2330.0000
"BOERNE BICYCLE SHOPPE INC",1,2360.0000
"R & D ENTERPRISES",1,2370.0000
"BICYCLE QUEST & COLLECTABLES",1,2380.0000
"THE BICYCLE SHACK",1,2390.0000
"RAY TAKSAR BICYCLES",1,2390.0000
"LORI'S INC",1,2390.0000
"FRIDLEY HTS SCHWINN CYCLERY",1,2410.0000
"DENNY'S CYCLING & FITNESS",1,2410.0000
"ARIRANG BICYCLE",1,2410.0000
"BICYCLES BY CLEAN MACHINE",1,2410.0000
"KOBUSH MARINA JCT",1,2410.0000
"BIKE SHOP NE CYCLERY INC",1,2420.0000
"ROSWELL SCHWINN CYCLERY",1,2420.0000
"REVOLUTIONS INC",1,2420.0000
"BAY SPORTS",1,2420.0000
"SOUTH LYON CYCLE & SPORTS",1,2430.0000
"JOSELYN'S BICYCLES",1,2430.0000
"INKY'S SCHWINN BICYCLE INC",1,2440.0000
"JML SALES CO",1,2450.0000
"KING'S CYCLERY",1,2450.0000
"BICYCLE SPORT",1,2450.0000
"CHICO'S BICYCLE SHOP",1,2450.0000
"U S LIYANG A INC",1,2450.0000
"ONTARIO BICYCLE",1,2450.0000
"HAWK RACING INC",1,2450.0000
"MIDWEST CYCLERY",1,2460.0000
"HOME TOWN SPORTS",1,2460.0000
"BICYCLE CENTER",1,2460.0000
"BIKE WORLD DON JOHLE'S",1,2460.0000
"KRISTI MOUNTAIN SPORTS",1,2460.0000
"BIKE STOP",1,2470.0000
"SOUTHLAND BICYCLE SHOP",1,2470.0000
"OUTDOOR VENTURES SCHWINN",1,2480.0000
"BIKE CENTER",1,2480.0000
"HIGH'S CYCLE CENTER",1,2480.0000
"BIKE AMBULANCE",1,2480.0000
"THE BIKE RACK",1,2490.0000
"CROSS COUNTRY CYCLING CENTER",1,2500.0000
"ZIMMERMAN'S BIKE SHOP",1,2500.0000
"BICYCLE CLINIC",1,2500.0000
"HI-TECH CYCLES",1,2500.0000
"PEDAL PUSHERS BICYCLE",1,2500.0000
"GATTO CYCLE SHOP",1,2510.0000
"HIGHROLLER CYCLERY INC",1,2510.0000
"MAJOR MOTOR SUPPLY CO",1,2520.0000
"BICYCLE EXPRESS",1,2530.0000
"BAYNESVILLE BICYCLE SERVICE",1,2540.0000
"CHESTERTON BICYCLE STATION",1,2600.0000
"THE PEDDLER",1,2610.0000
"O'NEAL'S CYCLERY",1,2620.0000
"BESTWAY RACING",1,2630.0000
"COMPLETE BUILDING MATERIALS CO",1,2630.0000
"JAY'S PEDAL POWER BICYCLE SHOP",1,2640.0000
"THE BIKE SHOP INC",1,2650.0000
"BIKE TECH",1,2650.0000
"MAIN STREET CYCLES",1,2650.0000
"CYCLE WORLD",1,2680.0000
"LIGHTNING CYCLES",1,2700.0000
"MAPLEWOOD SCHWINN CYCLING",1,2700.0000
"HONKER HANGAR BIKE SHOP",1,2700.0000
"CALABASH BICYCLE REPAIRS",1,2730.0000
"ENCORE CYCLE & FITNESS",1,2730.0000
"INTERWHEEL SPORTS INC",1,2740.0000
"SCHEELS SPORTS",1,2740.0000
"CLACKAMAS CYCLE WORLD",1,2740.0000
"METRO BIKES INC",1,2760.0000
SPORTMART,1,2780.0000
"THE BIKE ROUTE",1,2800.0000
"DTS INTERNATL INC",1,2870.0000
"DENVER'S SPOKE SHOPS",1,2900.0000
"THE BLT SHOP",1,2900.0000
"FOUR SONS CYCLERY",1,2920.0000
"SELF-PROPULSION INC",1,2940.0000
"LAKE SHORE SCHWINN CYCLERY",1,2960.0000
"BIKE PATH",1,2990.0000
"THE BIKE SHOP",1,3000.0000
"YELLOW JERSEY",1,3000.0000
"MIKE'S BICYCLE ADVENTURE",1,3020.0000
"TAILWIND CYCLING & FITNESS",1,3020.0000
"JIM'S BICYCLE SHOP",1,3040.0000
"BICYCLE BILL'S",1,3060.0000
"DAVE'S CYCLE SHOP",1,3070.0000
"CYCLES & THINGS",1,3080.0000
"BIKE AGE",1,3100.0000
"BIKETECH BICYCLE REPAIR",1,3150.0000
"TRIMSPORT CYCLE",1,3160.0000
"RUDY'S BICYCLE SHOP",1,3160.0000
"MILLERS CYCLING & FITNESS CTR",1,3160.0000
"SPOKE N WHEEL",1,3170.0000
"OLYMPIC SPORTS",1,3180.0000
"Y NOT CYCLING & FITNESS",1,3190.0000
"DALTON BICYCLE WORKS",1,3200.0000
"FLEET BIKE SHOP",1,3210.0000
"SOUTHWEST SCHWINN CYCLERY",1,3220.0000
"S & S CYCLES",1,3280.0000
"FLYTHE CYCLERY",1,3300.0000
"EADS SUPPLY & CYCLE SALES",1,3310.0000
"RG'S BICYCLE SHOP",1,3310.0000
"WEST U SCHWINN",1,3320.0000
"GREEN FROG BMX RACING",1,3350.0000
"BIKE ADDICTS",1,3360.0000
"SCHELLER'S FITNESS & CYCLING",1,3370.0000
"SPEED CYCLE",1,3380.0000
"MOE'S BIKE SHOP",1,3390.0000
"EASY RIDER BIKE SHOP",1,3390.0000
"SOUTH COUNTY CYCLERY INC",1,3410.0000
"SPORTSMAN HANGOUT",1,3430.0000
"PITTSBURGH PRO BICYCLES INC",1,3440.0000
"EZ PAWN",1,3440.0000
"THE TOURING CYCLIST",1,3450.0000
"BOB'S BIKES INC",1,3460.0000
"ALPINE CYCLES",1,3480.0000
"BAY AREA SCHWINN CYCLING",1,3500.0000
"CHELSEA BIKE & SPORTS",1,3510.0000
"SIGNS & CYCLES",1,3530.0000
"SUN CITY CYCLERY",1,3530.0000
"BICYCLE SHOP",1,3550.0000
"CARL'S GAS SERVICE",1,3570.0000
"PAQUETTE'S CYCLE & SKI",1,3610.0000
"DAVE'S BIKEFIX",1,3640.0000
"CRESCENT CITY BICYCLES",1,3640.0000
"WAYNE CYCLERY",1,3750.0000
"MERCED BIKE",2,3750.0000
"ALL STAR BIKE SHOPS INC",1,3780.0000
"BIKES AND MOORE",1,3830.0000
"SPOKE AND PEDAL",1,3840.0000
"ALOHA BICYCLE CENTER",1,3850.0000
"FAIRWOOD CYCLE CENTER",1,3870.0000
"SAINT HELENA CYCLERY",1,3870.0000
"ROD'S BIKE SHOP",1,3890.0000
"LA HABRA CYCLERY",1,3900.0000
"FOWLER KARL'S BIKE SHOP",1,3940.0000
"BIKE COUNTRY",1,3970.0000
"BERNIE'S BICYCLE SHOP",1,4020.0000
"COWART EQUIPMENT CO",1,4030.0000
"CYCLE-LOGIC SPORTS SHOP",1,4110.0000
"ACTION BIKE SHOP",1,4170.0000
"NORTH RIVER CYCLE",1,4190.0000
"WHEEL WORLD CYCLES",1,4190.0000
BIKE-O-RAMA,1,4200.0000
"NOVA CYCLING & FITNESS",1,4220.0000
"BAY VIEW FITNESS & CYCLE",1,4220.0000
"JOE'S CYCLE CENTER",1,4270.0000
"BIKE SHOP",2,4280.0000
"EL PEDAL DE ORO",1,4290.0000
"WORLD CYCLE",1,4330.0000
"THE ANNEX",1,4380.0000
"EUROPEAN CYCLES",1,4400.0000
"CONCHO BIKE SHOP",1,4490.0000
"B & S ENTERPRISES",1,4490.0000
"BIKE WORLD",2,4530.0000
"BIKE BUSINESS",1,4570.0000
"CAPITOL SCHWINN CYCLERY",2,4670.0000
"OSCAR WASTYN CYCLES",2,4950.0000
"RASCHE CYCLE CO",2,4980.0000
"ARTHUR'S BIKE SHOP",2,5040.0000
"SOCKS PLUS",2,5340.0000
"PEDALS PLUS BICYCLE SHOP",2,5450.0000
"CROMER'S ACE SUPER BIKE WORLD ALEDO",2,5530.0000
"ISLAND BIKE & SURF SHOP",2,5650.0000
"BLUEGRASS CYCLE",2,5670.0000
"F & M CYCLERY",1,5710.0000
"HOG WILD BICYCLES",2,5730.0000
"MIKE'S BIKES",2,5750.0000
"BICYCLES ETC",2,5870.0000
"WRIGHT BROS CYCLERY & FITNS",2,5940.0000
"ASHLAND BICYCLE CENTER",2,6030.0000
"HARRISON'S BICYCLE SHOP",2,6240.0000
"SCHWINN DENNISON CYCLERY",3,6500.0000
"KESSLER'S BICYCLE CENTER",2,6600.0000
"BIKECOLOGY BIKE SHOPS",2,6630.0000
"FORT WORTH CYCLING & FITNS CTR",2,6720.0000
"DAKOTA OUTDOORS",3,6760.0000
"NUTLEY BIKE SHOP",2,6910.0000
"PALMS CYCLE",2,7300.0000
"SPOKES 'N STUFF",2,7600.0000
"MARTIN I IMPORTS BICYCLES",3,8730.0000
"BIKE ROUTE",3,9250.0000
"MONTGOMERY CYCLERY INC",3,9340.0000
"SAFETY CYCLE SHOP",3,9530.0000
TRIATHLETE,3,9720.0000
"TONY'S SCHWINN BIKE SHOP",4,9760.0000
"TWIN BICYCLE",3,9850.0000
"THE FRENCH BICYCLE SHOP",4,10690.0000
"BIKECOLOGY SANTA MONICA",4,10760.0000
"BICYCLE DOCTOR",4,11090.0000
"TOM'S WHEELWORKS BICYCLE SHOP",3,11530.0000
"FLORENCE CYCLE SHOP",4,11910.0000
"HELEN'S CYCLES",4,11940.0000
"ADAMS MOPEDS & BICYCLES",3,12030.0000
"COLLINS BICYCLE SHOP",4,13160.0000
"SPORT CHALET",4,13560.0000
"PERFORMANCE BICYCLE SHOP",5,14844.0000
"SOMOZA'S BIKE SHOP",6,16910.0000
"BEVERLY HILLS BIKE SHOP",5,18640.0000
"BUDGET PRO BICYCLES",8,25870.0000
"Direct Sales",263,808463.1500
Walk-In,1386,4251790.0000
